{"cameraMode":{"drawMode":0,"name":"Shaded","section":"Shading Mode"},"sceneLighting":false,"audioPlay":false,"sceneViewState":{"m_AlwaysRefresh":false,"showFog":true,"showSkybox":false,"showFlares":true,"showImageEffects":true,"showParticleSystems":true,"showVisualEffectGraphs":true,"m_FxEnabled":true},"in2DMode":false,"pivot":{"x":1.1973083019256592,"y":0.7751341462135315,"z":0.5517294406890869},"rotation":{"x":-0.015161107294261456,"y":-0.9773976802825928,"z":0.07522181421518326,"w":-0.19700275361537934},"size":1.0419106483459473,"orthographic":false}