{"cameraMode":{"drawMode":0,"name":"Shaded","section":"Shading Mode"},"sceneLighting":false,"audioPlay":false,"sceneViewState":{"m_AlwaysRefresh":false,"showFog":false,"showSkybox":false,"showFlares":false,"showImageEffects":false,"showParticleSystems":false,"showVisualEffectGraphs":true,"m_FxEnabled":true},"in2DMode":false,"pivot":{"x":0.35496342182159426,"y":0.1679743528366089,"z":-1.0109905004501343},"rotation":{"x":0.030809476971626283,"y":-0.9464399218559265,"z":0.30716603994369509,"w":0.09546104818582535},"size":1.6285394430160523,"orthographic":false}